"Rank","Player","Pos","Age","Tm","G","GS","MP","FG","FGA","FG.","X3P","X3PA","X3P.","X2P","X2PA","X2P.","eFG.","FT","FTA","FT.","ORB","DRB","TRB","AST","STL","BLK","TOV","PF","PTS","BPM"
392,"Dejounte Murray","PG",25,"SAS",52,52,34.4,8.2,17.9,0.459,1.3,4,0.319,6.9,13.9,0.5,0.495,2.2,2.9,0.758,1.3,7,8.3,9.3,2,0.3,2.4,2,19.9,5.2
200,"JaMychal Green","PF",31,"DEN",45,7,14.9,2.3,5,0.451,0.6,2.2,0.265,1.7,2.8,0.594,0.509,1.2,1.4,0.869,1,2.7,3.7,0.8,0.7,0.4,0.9,2.2,6.3,-1.6
156,"CJ Elleby","SF",21,"POR",35,7,15.1,1.6,4.1,0.392,0.5,1.8,0.29,1.1,2.3,0.469,0.455,0.6,0.7,0.808,0.9,2.1,2.9,1.1,0.5,0.2,0.5,1.6,4.3,-3.8
499,"Dennis Smith Jr.","PG",24,"POR",37,4,17.2,2.1,5.1,0.418,0.2,0.7,0.222,2,4.4,0.451,0.434,1.1,1.7,0.656,0.5,1.8,2.4,3.6,1.2,0.3,1.4,1.4,5.6,-1.4
563,"Quinndary Weatherspoon","SG",25,"GSW",5,0,6.6,1.2,2,0.6,0,0.2,0,1.2,1.8,0.667,0.6,0.4,0.4,1,0.2,1,1.2,0.4,0.2,0.2,0.6,1.4,2.8,-6.5
360,"Cameron McGriff","SF",24,"POR",3,0,15.3,1.7,4.7,0.357,0.7,2,0.333,1,2.7,0.375,0.429,0.7,0.7,1,2,3,5,1,0,0.3,0,2.3,4.7,-3.7
326,"Nassir Little","SF",21,"POR",42,23,25.9,3.5,7.5,0.46,1.2,3.7,0.331,2.2,3.8,0.584,0.541,1.6,2.2,0.734,1.4,4.2,5.6,1.3,0.6,0.9,1,2,9.8,-1.1
556,"Duane Washington Jr.","PG",21,"IND",28,7,19.8,3.3,8.6,0.378,1.5,4.4,0.341,1.8,4.2,0.415,0.465,0.8,1,0.759,0.1,1.8,1.8,1.9,0.5,0,1,1.4,8.8,-5.4
224,"Jaxson Hayes","C",21,"NOP",47,5,17,3.3,5.1,0.647,0.1,0.6,0.269,3.1,4.5,0.693,0.662,2,2.6,0.767,1.4,2.5,3.9,0.5,0.4,0.7,0.7,2.3,8.7,0.3
369,"Khris Middleton","SF",30,"MIL",48,48,32.1,6.6,15,0.438,2.3,6.4,0.356,4.3,8.6,0.499,0.514,4,4.5,0.884,0.6,4.9,5.5,5.3,1.2,0.3,2.9,2.5,19.4,1.3
575,"Lou Williams","PG",35,"ATL",40,0,14.7,2.4,6.1,0.397,0.8,2.1,0.357,1.7,4,0.418,0.459,1.3,1.4,0.893,0.3,1.3,1.6,2,0.5,0.1,0.8,0.9,6.8,-2.9
96,"Willie Cauley-Stein","C",28,"DAL",18,2,9.8,0.9,1.9,0.457,0.1,0.1,0.5,0.8,1.8,0.455,0.471,0.1,0.1,0.5,0.7,1.4,2.1,0.5,0.3,0.2,0.4,0.9,1.9,-3.1
336,"Théo Maledon","PG",20,"OKC",31,0,14.2,1.3,4.2,0.318,0.5,2.1,0.231,0.8,2.1,0.406,0.376,1.2,1.4,0.857,0.3,1.4,1.6,1.2,0.5,0.2,0.9,1.1,4.3,-6.1
434,"Reggie Perry","PF",21,"TOT",3,0,17,1.7,3.3,0.5,0.3,0.7,0.5,1.3,2.7,0.5,0.55,0.7,0.7,1,0.7,2,2.7,0.7,0.3,0,0.3,3,4.3,-6.8
525,"Matt Thomas","SG",27,"CHI",35,0,12.8,1.4,3.6,0.397,0.9,2.5,0.384,0.5,1.1,0.425,0.528,0.5,0.6,0.8,0.1,1.3,1.4,0.6,0.2,0.1,0.2,0.5,4.3,-2.9
398,"Aaron Nesmith","SF",22,"BOS",41,1,10.8,1.3,3.5,0.378,0.5,2.2,0.236,0.8,1.3,0.611,0.451,0.4,0.5,0.842,0.3,1.4,1.7,0.3,0.3,0.1,0.6,1.3,3.5,-5.7
318,"Jake Layman","SF",27,"MIN",23,1,7.3,0.8,2.1,0.367,0.2,1.1,0.154,0.6,1,0.609,0.408,0.3,0.3,0.75,0.2,0.9,1,0.3,0.3,0.2,0.3,0.4,2,-5.5
397,"RJ Nembhard Jr.","SG",22,"CLE",7,0,6.3,0.7,1.6,0.455,0,0.1,0,0.7,1.4,0.5,0.455,0.1,0.3,0.5,0,0.3,0.3,1.4,0,0,0.3,0.3,1.6,-5.8
89,"Facundo Campazzo","PG",30,"DEN",54,4,20.3,1.9,5.1,0.378,1.1,3.3,0.32,0.9,1.8,0.485,0.482,1.1,1.3,0.806,0.4,1.6,1.9,3.7,1.1,0.4,1.2,2.1,6,-0.4
257,"Joe Ingles","SF",34,"UTA",45,15,24.9,2.6,6.3,0.404,1.7,5,0.347,0.8,1.3,0.617,0.54,0.4,0.5,0.773,0.3,2.6,2.9,3.5,0.5,0.1,1,1.8,7.2,-0.1
41,"Malik Beasley","SG",25,"MIN",59,10,25.3,4.3,11.4,0.375,2.9,8.2,0.353,1.4,3.2,0.431,0.501,0.5,0.7,0.762,0.4,2.6,3,1.5,0.5,0.2,0.6,1.2,11.9,-1.9
123,"Seth Curry","SG",31,"TOT",48,48,34.7,5.8,11.9,0.485,2.3,5.7,0.41,3.4,6.2,0.554,0.583,1.4,1.5,0.878,0.4,3,3.4,4.1,0.8,0.2,1.9,2.2,15.2,-0.9
261,"Frank Jackson","PG",23,"DET",43,5,22.5,3.8,9.3,0.41,1.8,5.5,0.319,2.1,3.8,0.543,0.505,1.4,1.8,0.795,0.3,1.3,1.6,1,0.5,0.2,0.8,1.7,10.9,-3.1
439,"Aleksej Pokusevski","PF",20,"OKC",42,2,16.6,2.3,5.9,0.386,0.7,2.6,0.273,1.5,3.2,0.478,0.447,0.2,0.4,0.563,1,3.4,4.3,1.2,0.5,0.6,1.2,1.2,5.5,-3.3
198,"Draymond Green","PF",31,"GSW",34,34,29.9,3.2,5.9,0.537,0.4,1.2,0.286,2.8,4.7,0.604,0.567,1.2,2,0.597,1.1,6.4,7.6,7.4,1.4,1.2,3.1,2.8,7.9,3.9
350,"Tyrese Maxey","PG",21,"PHI",51,50,35.6,6.3,13.4,0.469,1.4,3.6,0.39,4.9,9.9,0.497,0.52,2.9,3.4,0.871,0.4,3.2,3.5,4.6,0.6,0.5,1.2,2.1,16.9,0.3
576,"Patrick Williams","PF",20,"CHI",5,5,25,2.6,4.6,0.565,0.6,1.2,0.5,2,3.4,0.588,0.63,0.8,0.8,1,0.2,2,2.2,0.6,0.6,0.4,0.4,1.8,6.6,-2
456,"Immanuel Quickley","PG",22,"NYK",55,2,21.3,3.1,8.5,0.368,1.6,4.9,0.328,1.5,3.6,0.421,0.462,1.5,1.7,0.914,0.4,1.9,2.3,3,0.6,0.1,1.3,2.2,9.4,-2.5
102,"Josh Christopher","SG",20,"HOU",50,2,16.5,2.8,6.2,0.452,0.8,2.4,0.322,2,3.8,0.534,0.515,1,1.3,0.773,0.7,1.4,2.1,1.7,0.8,0.1,1.4,1.1,7.4,-3
511,"Jalen Suggs","PG",20,"ORL",39,36,28.2,4.4,12,0.367,0.9,4.2,0.228,3.5,7.9,0.44,0.406,2.8,3.7,0.776,0.6,3.1,3.7,4.4,1.3,0.4,3,3,12.6,-5.2
552,"Lonnie Walker IV","SG",23,"SAS",54,6,22.8,4.2,10.6,0.395,1.4,4.7,0.294,2.8,5.8,0.476,0.461,1.5,1.8,0.808,0.3,2.3,2.6,2.3,0.6,0.3,1.1,1.4,11.2,-3.2
349,"Wesley Matthews","SG",35,"MIL",30,6,19.2,1.8,4.4,0.406,1.1,3.2,0.34,0.7,1.2,0.583,0.53,0.2,0.3,0.6,0.5,1.3,1.8,0.7,0.4,0.2,0.4,1.9,4.9,-3.9
408,"David Nwaba","SF",29,"HOU",38,4,13.8,1.9,4,0.467,0.3,1,0.256,1.6,3,0.54,0.5,1.1,1.5,0.719,0.9,2.7,3.7,0.8,0.6,0.5,0.5,1.3,5.1,-1.1
500,"Ish Smith","PG",33,"TOT",41,1,14.6,2.3,5.3,0.425,0.3,0.7,0.4,2,4.6,0.429,0.452,0.3,0.5,0.632,0.3,1.3,1.6,2.9,0.6,0.3,1,1.1,5.1,-3.5
394,"Svi Mykhailiuk","SF",24,"TOR",43,5,15.2,1.9,4.8,0.401,0.8,2.7,0.304,1.1,2.1,0.522,0.486,0.6,0.7,0.844,0.5,1.6,2.1,0.9,0.6,0.1,0.7,1.1,5.3,-2.6
574,"Kenrich Williams","SF",27,"OKC",49,0,21.9,3,6.5,0.461,0.8,2.5,0.339,2.1,4,0.536,0.525,0.6,1.1,0.545,1.5,3,4.5,2.2,0.9,0.2,0.9,1.7,7.4,-0.2
47,"Khem Birch","C",29,"TOR",31,8,18.7,1.9,3.8,0.508,0,0.3,0,1.9,3.5,0.545,0.508,1.1,1.5,0.761,2.4,2.2,4.5,1.1,0.8,0.5,0.5,1.7,5,0.3
505,"Cassius Stanley","SG",22,"DET",9,1,17.2,2.1,5.1,0.413,0.4,1.9,0.235,1.7,3.2,0.517,0.457,1.1,1.1,1,0.6,1.6,2.1,0.4,0.6,0.2,0.7,1.9,5.8,-6.1
133,"Mamadi Diakite","PF",25,"OKC",13,3,14.5,1.9,3.6,0.532,0,0.4,0,1.9,3.2,0.595,0.532,0.5,0.8,0.545,1.3,3.2,4.5,0.2,0.4,0.7,0.5,2.5,4.3,-4.8
480,"Tomáš Satoranský","SG",30,"NOP",32,3,15,1,3.3,0.299,0.2,1,0.161,0.8,2.4,0.355,0.322,0.6,0.8,0.76,0.6,1.4,2,2.4,0.4,0,0.7,1,2.8,-5.7
490,"Day'Ron Sharpe","PF",20,"BRK",30,8,12.4,2.7,4.7,0.571,0,0.1,0.25,2.6,4.5,0.581,0.575,0.7,1.2,0.568,2.6,2.5,5.1,0.5,0.3,0.5,1,2,6.1,-3.6
23,"Marvin Bagley III","PF",22,"TOT",32,17,21.9,3.8,8.2,0.46,0.5,2,0.238,3.3,6.3,0.53,0.489,1.2,1.7,0.685,2.3,4.9,7.2,0.6,0.3,0.3,0.7,1.6,9.2,-3.7
50,"Nemanja Bjelica","C",33,"GSW",53,0,15.3,2.3,5,0.453,0.8,2.3,0.339,1.5,2.7,0.549,0.53,0.8,1.2,0.682,0.8,3.1,3.9,1.9,0.6,0.3,1.1,1.7,6.2,0.9
450,"Norman Powell","SF-SG",28,"TOT",43,41,32.9,6.2,13.6,0.457,2.3,5.7,0.407,3.9,7.9,0.493,0.542,4.1,5.1,0.807,0.5,2.8,3.3,2.2,1,0.4,1.6,2.3,18.8,-0.4
411,"Semi Ojeleye","PF",27,"TOT",22,0,14.6,0.9,3.5,0.26,0.5,2,0.273,0.4,1.5,0.242,0.338,0.5,0.7,0.75,1.2,1.5,2.7,0.2,0.2,0.2,0.3,1.2,2.9,-7.2
78,"Troy Brown Jr.","SF",22,"CHI",48,6,18.1,1.8,4.4,0.4,0.7,2.1,0.33,1,2.2,0.467,0.481,0.4,0.5,0.76,0.7,2.8,3.5,1.1,0.6,0.1,0.5,1.1,4.6,-2.3
146,"PJ Dozier","SG",25,"DEN",18,0,18.9,2,5.5,0.364,0.8,2.7,0.313,1.2,2.8,0.412,0.439,0.6,0.7,0.769,0.8,2.7,3.5,1.6,0.6,0.3,0.7,1.8,5.4,-2
45,"Patrick Beverley","PG",33,"MIN",40,36,26.4,3.2,7.8,0.41,1.4,4.2,0.333,1.8,3.6,0.5,0.5,1.5,2.1,0.707,1.1,3.3,4.4,4.9,1.2,1,1.3,3.1,9.2,2.7
205,"Quentin Grimes","SG",21,"NYK",39,6,17.8,2.3,5.4,0.421,1.7,4.3,0.398,0.6,1.1,0.512,0.579,0.3,0.4,0.647,0.6,1.4,2,1,0.7,0.3,0.6,1.5,6.5,-0.1
28,"Dalano Banton","SF",22,"TOR",47,1,11.8,1.5,3.6,0.413,0.2,0.9,0.256,1.2,2.6,0.468,0.446,0.4,0.7,0.618,0.7,1.6,2.2,1.6,0.5,0.2,1,1.2,3.6,-3.3
448,"Dwight Powell","C",30,"DAL",59,48,20.6,2.8,4.3,0.649,0.2,0.5,0.387,2.6,3.7,0.686,0.673,1.6,2.2,0.744,2,2.4,4.4,1.1,0.5,0.4,0.8,2.5,7.4,0.5
301,"Corey Kispert","SF",22,"WAS",53,12,19.8,2.5,5.8,0.43,1.1,3.4,0.322,1.4,2.4,0.583,0.524,0.7,0.8,0.884,0.7,1.8,2.5,0.9,0.4,0.2,0.6,1,6.8,-2.7
239,"Jrue Holiday","PG",31,"MIL",47,44,33,7.2,14.2,0.507,1.9,4.6,0.407,5.3,9.6,0.554,0.572,1.9,2.5,0.759,1,3.6,4.6,6.6,1.5,0.5,2.7,2,18.1,3
451,"Joshua Primo","SG",19,"SAS",30,4,15.9,1.7,4.7,0.369,0.8,2.5,0.32,0.9,2.2,0.424,0.454,0.6,0.8,0.76,0.6,1.1,1.7,1.4,0.4,0.5,0.9,1.2,4.9,-4.2
44,"Dāvis Bertāns","PF",29,"TOT",36,0,14.8,1.8,5.2,0.349,1.4,4.4,0.316,0.4,0.8,0.536,0.484,0.8,0.9,0.935,0.2,1.6,1.8,0.5,0.3,0.2,0.4,1.6,5.8,-3.7
522,"Brodric Thomas","SG",25,"BOS",8,0,5,0.4,1.4,0.273,0.1,0.9,0.143,0.3,0.5,0.5,0.318,0.3,0.3,1,0.3,0.5,0.8,0.6,0,0.1,0.5,0.6,1.1,-7.8
359,"JaVale McGee","C",34,"PHO",52,14,16.1,4.3,6.5,0.657,0,0.1,0.333,4.2,6.4,0.663,0.66,1.4,2,0.683,2.3,4.6,6.9,0.6,0.3,1,1.4,2.5,9.9,2.2
465,"Josh Richardson","SG",28,"TOT",45,0,24.5,3.4,7.7,0.441,1.4,3.5,0.399,2,4.2,0.476,0.532,1.4,1.6,0.859,0.6,2.2,2.8,1.5,0.8,0.5,0.9,1.8,9.6,0
339,"Tre Mann","PG",20,"OKC",45,13,20,3.2,8.3,0.383,1.4,3.8,0.365,1.8,4.5,0.399,0.466,0.9,1.2,0.75,0.3,1.9,2.2,1,0.7,0.2,0.8,1.7,8.7,-4.4
193,"Eric Gordon","SG",33,"HOU",47,36,29.7,5,10.5,0.482,2.3,5.4,0.417,2.8,5.1,0.55,0.589,1.9,2.6,0.758,0.3,1.7,2,3,0.5,0.4,2,1.1,14.3,-1.8
15,"Cole Anthony","PG",21,"ORL",46,46,33,6,15.2,0.398,2.2,6.5,0.337,3.9,8.7,0.443,0.469,3.5,4,0.855,0.6,5.2,5.8,5.9,0.8,0.3,2.9,2.7,17.7,-0.9
157,"Wayne Ellington","SG",34,"LAL",35,9,18.9,2.1,5.3,0.392,1.9,4.8,0.385,0.2,0.5,0.471,0.567,0.1,0.1,0.8,0.3,1.5,1.7,0.7,0.5,0.1,0.4,1,6.1,-1.8
51,"Eric Bledsoe","PG",32,"LAC",54,29,25.2,3.6,8.7,0.421,0.9,3,0.313,2.7,5.6,0.479,0.475,1.6,2.2,0.761,0.5,2.9,3.4,4.2,1.3,0.4,2.1,1.6,9.9,-0.8
478,"Domantas Sabonis","C-PF",25,"TOT",51,50,34.5,7.1,12.3,0.579,0.7,2.2,0.315,6.4,10.1,0.636,0.607,3.9,5.3,0.739,3.3,8.7,12,5.1,1,0.5,3,3.1,18.8,4.6
25,"Lonzo Ball","PG",24,"CHI",35,35,34.6,4.6,10.9,0.423,3.1,7.4,0.423,1.5,3.5,0.423,0.567,0.6,0.8,0.75,1,4.4,5.4,5.1,1.8,0.9,2.3,2.4,13,2.7
248,"Markus Howard","SG",22,"DEN",22,0,6.1,1.2,3.3,0.37,1,2.4,0.434,0.2,0.9,0.2,0.527,0.6,0.6,0.929,0,0.3,0.3,0.3,0.3,0,0.3,0.5,4.1,-0.6
279,"Keldon Johnson","SF",22,"SAS",55,54,31.3,5.8,12.5,0.467,1.9,4.5,0.425,3.9,8,0.491,0.544,2.1,2.8,0.748,1.1,4.9,6,1.8,0.8,0.1,1.3,1.9,15.7,-1.1
231,"Buddy Hield","SG",29,"TOT",59,10,29.3,5,12.9,0.389,3.3,9.1,0.366,1.7,3.8,0.442,0.518,1.4,1.6,0.866,0.8,3.4,4.2,2.1,0.8,0.3,1.6,2.1,14.8,-1.1
444,"Otto Porter Jr.","PF",28,"GSW",48,13,21.5,3.2,6.7,0.474,1.5,3.7,0.391,1.7,3,0.577,0.583,0.6,0.8,0.757,1,4.2,5.2,1.5,1.1,0.5,0.5,1.4,8.4,3.9
122,"Cade Cunningham","PG",20,"DET",44,44,31.8,6,15.2,0.394,2,6.2,0.327,4,9,0.439,0.46,1.8,2,0.856,0.9,4.5,5.5,5.2,1.3,0.7,3.5,3,15.7,-2.4
550,"Ish Wainright","PF",27,"PHO",29,0,7.4,0.7,2,0.362,0.3,1.1,0.29,0.4,0.9,0.444,0.44,0.1,0.2,0.429,0.7,0.6,1.3,0.3,0.3,0.2,0.3,1.1,1.9,-3.6
308,"Luke Kornet","C",26,"TOT",4,0,6.8,0.3,2.3,0.111,0,0.5,0,0.3,1.8,0.143,0.111,0.5,0.8,0.667,0.8,0.8,1.5,0.5,0.3,0.3,0,0.5,1,-11.7
508,"Lamar Stevens","PF",24,"CLE",41,8,14.3,2,4.3,0.475,0.3,1.1,0.295,1.7,3.2,0.534,0.511,0.6,1,0.625,0.7,1.5,2.2,0.6,0.5,0.2,0.5,1.4,5,-2
509,"Isaiah Stewart","C",20,"DET",50,50,26,3.6,7,0.523,0.1,0.5,0.125,3.6,6.5,0.552,0.527,1,1.4,0.667,3.1,5.4,8.4,1.1,0.3,1.1,1.3,2.9,8.3,-3.6
120,"Jarrett Culver","SG",22,"MEM",27,0,9.2,1.5,3.6,0.417,0.4,1.2,0.303,1.1,2.3,0.476,0.469,0.4,0.9,0.522,0.4,1.1,1.4,1,0.6,0.1,0.5,1.1,3.8,-2.6
399,"Raul Neto","PG",29,"WAS",49,5,20.3,3,6.6,0.455,0.4,1.8,0.244,2.6,4.8,0.536,0.489,1.3,1.7,0.747,0.2,1.8,2,2.8,0.8,0,1.2,1.6,7.8,-3.6
14,"Carmelo Anthony","PF",37,"LAL",50,3,26.5,4.6,10.5,0.437,2.3,5.9,0.392,2.3,4.6,0.496,0.548,2,2.4,0.824,0.8,3.3,4.2,1,0.7,0.8,0.9,2.2,13.4,0.1
357,"Jalen McDaniels","SF",24,"CHO",39,2,17.6,2.5,5.1,0.492,0.8,2.2,0.372,1.7,2.8,0.586,0.574,0.8,1.2,0.674,0.7,2.7,3.5,1.1,0.5,0.4,0.8,1.8,6.6,-2.3
565,"Coby White","PG",21,"CHI",39,15,28.2,5,11,0.453,2.4,5.9,0.401,2.6,5.1,0.515,0.562,1.6,1.9,0.84,0.3,2.8,3.1,2.8,0.5,0.3,1.3,2.3,14,-1.4
210,"R.J. Hampton","SG",20,"ORL",42,1,19.4,2.5,6.7,0.382,0.9,2.5,0.364,1.6,4.1,0.393,0.452,1.1,1.9,0.608,0.3,2.6,2.9,2.4,0.7,0.2,1.3,1.5,7.2,-3.4
413,"Josh Okogie","SG",23,"MIN",33,6,12.4,0.8,2.3,0.347,0.3,1.1,0.278,0.5,1.2,0.41,0.413,0.7,1.1,0.622,0.8,1.1,1.8,0.5,0.5,0.3,0.5,1.2,2.6,-3.8
338,"Terance Mann","SF",25,"LAC",60,24,28.9,4.1,8.5,0.484,1,2.7,0.36,3.1,5.8,0.542,0.541,1.4,1.8,0.743,1.3,3.9,5.2,2.4,0.7,0.1,1,2.2,10.5,-1
132,"DeMar DeRozan","PF",32,"CHI",55,55,35.6,10.3,19.9,0.517,0.6,1.8,0.343,9.7,18.1,0.535,0.533,6.9,8,0.866,0.8,4.4,5.2,5.1,0.9,0.3,2.3,2.2,28.1,3.3
95,"Alex Caruso","SG",27,"CHI",28,9,27.7,2.8,6.5,0.429,1.1,3.1,0.345,1.7,3.4,0.505,0.511,1.7,2.1,0.814,0.9,3,3.9,3.9,1.9,0.4,1.4,2.4,8.4,1.8
430,"Cameron Payne","PG",27,"PHO",40,0,20.4,4,9.8,0.404,1.1,3.4,0.336,2.8,6.4,0.44,0.462,1.4,1.7,0.864,0.4,2.4,2.8,3.6,0.6,0.3,1.8,1.9,10.5,-0.9
33,"Will Barton","SG",31,"DEN",51,51,32.3,5.8,13,0.444,2.2,6,0.37,3.5,7,0.508,0.53,1.4,1.7,0.784,0.6,4.3,5,3.9,0.8,0.5,1.9,1.5,15.2,0.3
171,"De'Aaron Fox","PG",24,"SAC",48,48,34.4,8.2,17.6,0.464,1,3.8,0.271,7.1,13.8,0.517,0.493,4.4,5.9,0.754,0.5,3.4,3.9,5.1,1.1,0.4,2.8,2.9,21.8,-1.4
305,"Kevin Knox","SF",22,"TOT",21,0,8,1,2.9,0.344,0.5,1.9,0.282,0.5,1,0.455,0.434,0.5,0.7,0.714,0.5,1.1,1.7,0.4,0.1,0,0.3,0.5,3,-4.3
483,"Dennis Schröder","SG-PG",28,"TOT",52,27,29.2,5.2,11.9,0.436,1.3,3.9,0.343,3.8,7.9,0.482,0.493,2.5,3,0.852,0.6,2.8,3.4,4.4,0.8,0.1,2.2,2.4,14.2,-1.6
265,"Justin Jackson","SF",26,"TOT",7,0,5.3,0.7,2.1,0.333,0.4,1.3,0.333,0.3,0.9,0.333,0.433,0.3,0.3,1,0.1,0.9,1,0.3,0,0,0.1,0.4,2.1,-3.4
127,"Terence Davis","SG",24,"SAC",30,11,17.9,3.8,8.9,0.423,1.6,5,0.329,2.1,3.9,0.542,0.515,1.2,1.5,0.818,0.4,2.8,3.1,1.3,0.8,0.4,1.1,2.3,10.4,-0.8
366,"De'Anthony Melton","SG",23,"MEM",51,13,22.7,3.6,9.3,0.387,1.6,4.7,0.343,2,4.6,0.432,0.474,1.1,1.6,0.713,1,3.5,4.5,2.7,1.6,0.5,1.4,1.7,9.9,1.6
37,"Nicolas Batum","PF",33,"LAC",40,35,24.8,3.2,6.6,0.487,2,4.7,0.418,1.3,1.9,0.658,0.636,0.4,0.6,0.667,0.5,4,4.5,1.5,1,0.7,0.7,1.4,8.8,3
517,"Garrett Temple","SG",35,"NOP",55,16,19.2,1.9,5.1,0.379,1,3.2,0.316,0.9,1.9,0.481,0.477,0.5,0.7,0.683,0.5,2,2.5,1.3,0.7,0.4,0.7,1.5,5.4,-2.6
181,"Luka Garza","C",23,"DET",29,5,11.7,1.9,4.3,0.444,0.5,1.4,0.341,1.4,2.9,0.494,0.5,0.9,1.4,0.643,1.7,1.3,3,0.6,0.3,0.1,0.6,1.7,5.2,-3.4
346,"Kenyon Martin Jr.","SF",21,"HOU",55,0,19.9,3.5,6.6,0.526,0.6,1.9,0.314,2.9,4.8,0.608,0.57,1,1.6,0.648,1.1,2.7,3.9,1.3,0.4,0.5,0.8,1.3,8.6,-1
119,"Jae Crowder","PF",31,"PHO",48,48,28.2,3.1,7.8,0.395,1.8,5.2,0.337,1.3,2.6,0.512,0.508,1,1.2,0.81,0.5,4.8,5.3,1.5,1.3,0.5,0.8,2.4,8.9,0.6
176,"Danilo Gallinari","PF",33,"ATL",47,4,23.4,3.3,7.9,0.418,1.6,4,0.395,1.7,3.9,0.443,0.519,2.3,2.6,0.917,0.6,3.8,4.4,1.4,0.5,0.2,0.6,1.4,10.6,-0.3
571,"Lindell Wigginton","PG",23,"MIL",10,0,10.5,1.4,2.6,0.538,0.7,1.3,0.538,0.7,1.3,0.538,0.673,0.9,1.3,0.692,0.1,1.4,1.5,0.7,0.3,0.1,0.6,0.8,4.4,-0.6
539,"Myles Turner","C",25,"IND",42,42,29.4,4.8,9.4,0.509,1.5,4.4,0.333,3.3,5,0.662,0.587,1.9,2.5,0.752,1.5,5.5,7.1,1,0.7,2.8,1.3,2.8,12.9,1.6
407,"Jusuf Nurkić","C",27,"POR",56,56,28.2,5.7,10.7,0.535,0.3,1,0.268,5.5,9.7,0.563,0.548,3.3,4.8,0.69,3,8.1,11.1,2.8,1.1,0.6,2.6,3.4,15,0.6
141,"Ayo Dosunmu","SG",22,"CHI",54,20,25.9,3.2,6.2,0.523,0.9,2.3,0.407,2.3,3.9,0.59,0.598,0.8,1.1,0.677,0.3,2.5,2.8,3.1,0.7,0.4,1.2,2.2,8.1,-1.6
415,"Isaac Okoro","SF",21,"CLE",43,37,28.8,3.2,6.8,0.464,0.8,2.7,0.316,2.3,4.2,0.559,0.526,1.8,2.3,0.778,1,2.1,3.1,1.9,0.8,0.3,1,2.6,9,-1.7
545,"Gabe Vincent","PG",25,"MIA",50,19,24,3.3,7.8,0.423,1.8,4.9,0.374,1.5,2.9,0.503,0.54,0.7,0.9,0.822,0.4,1.7,2,3.4,0.9,0.2,1.5,2.5,9.2,-0.7
125,"Anthony Davis","C",28,"LAL",37,37,35.1,9.2,17.2,0.537,0.3,1.8,0.182,8.9,15.4,0.578,0.546,4.4,6.1,0.709,2.8,6.9,9.7,2.9,1.2,2.3,2.1,2.5,23.1,3.9
71,"Bruce Brown","SF",25,"BRK",50,23,21.3,2.7,5.5,0.486,0.3,0.8,0.317,2.4,4.7,0.515,0.509,0.8,1.1,0.737,1.2,3.1,4.3,1.3,1,0.5,0.6,2.3,6.5,-1.2
270,"Ty Jerome","SG",24,"OKC",48,4,16.7,2.6,6.8,0.378,1.1,3.9,0.29,1.5,3,0.493,0.46,0.8,1,0.809,0.4,1.2,1.6,2.3,0.6,0.1,0.8,1.5,7.1,-2.3
503,"Tony Snell","SG",30,"TOT",41,10,14.6,1.1,2.8,0.395,0.7,2.1,0.341,0.4,0.6,0.577,0.526,0.1,0.1,1,0.3,1.6,1.9,0.5,0.2,0.2,0.4,1.2,3,-4.3
380,"Xavier Moon","SG",27,"LAC",6,0,13.8,2.3,5.7,0.412,0.5,1.7,0.3,1.8,4,0.458,0.456,0.3,0.5,0.667,0.2,1.3,1.5,1.7,0.8,0.2,0.5,0.7,5.5,-2.7
57,"Isaac Bonga","SF",22,"TOR",13,0,5.1,0.2,1,0.231,0.1,0.3,0.25,0.2,0.7,0.222,0.269,0.3,0.5,0.667,0.3,0.2,0.5,0.2,0.5,0.2,0.2,0.8,0.8,-1.9
485,"Jay Scrubb","SG",21,"LAC",18,0,6.7,1,2.6,0.391,0.3,1.2,0.286,0.7,1.4,0.48,0.457,0.4,0.6,0.7,0.1,0.8,0.9,0.4,0.2,0.2,0.4,0.5,2.7,-4.7
562,"Paul Watson","SF",27,"OKC",9,3,17.3,1.3,3.9,0.343,0.7,2.9,0.231,0.7,1,0.667,0.429,0.1,0.2,0.5,0.3,2.7,3,0.9,0.3,0.3,0.4,1.1,3.4,-5.5
167,"Bryn Forbes","SG",28,"TOT",55,1,17.8,3.4,7.8,0.438,1.6,3.9,0.421,1.8,3.9,0.455,0.543,1.1,1.2,0.906,0.1,1.3,1.5,1.1,0.4,0.1,0.8,1.2,9.5,-2.4
589,"Trae Young","PG",23,"ATL",53,53,34.4,9.3,20.5,0.456,3,7.8,0.383,6.4,12.7,0.501,0.529,6.2,6.9,0.898,0.6,3.2,3.9,9.3,1,0.1,4.1,1.6,27.8,4.6
584,"Robert Woodard II","SF",22,"SAC",12,0,3.5,0.2,1.3,0.125,0.1,0.3,0.25,0.1,1,0.083,0.156,0.2,0.2,1,0.4,0.5,0.9,0.3,0.1,0.1,0.1,0.3,0.6,-10.4
341,"Lauri Markkanen","PF",24,"CLE",38,38,30.2,4.9,11.3,0.436,2,5.9,0.342,2.9,5.4,0.539,0.526,1.7,1.9,0.863,1.1,4.2,5.3,1.5,0.8,0.6,0.8,1.8,13.6,0.5
173,"Enes Freedom","C",29,"BOS",35,1,11.7,1.5,2.8,0.526,0.1,0.1,0.4,1.4,2.6,0.533,0.536,0.7,0.8,0.857,1.7,2.8,4.6,0.2,0.1,0.4,0.6,1.2,3.7,-1.6
344,"Cody Martin","SF",26,"CHO",49,11,27.2,2.9,6.5,0.454,1,2.4,0.41,2,4.1,0.48,0.53,1.1,1.7,0.671,1.2,3,4.2,2.6,1.3,0.5,0.9,1.7,8,-0.6
203,"Josh Green","SG",21,"DAL",44,2,14.4,1.8,3.5,0.503,0.3,0.9,0.308,1.5,2.6,0.569,0.542,0.6,0.8,0.714,0.7,1.5,2.2,1.3,0.7,0.2,0.5,1.7,4.4,-0.3
54,"Bojan Bogdanović","PF",32,"UTA",56,56,31,6.1,13.4,0.455,2.4,6.4,0.38,3.6,6.9,0.525,0.546,3.2,3.7,0.87,0.8,3.5,4.4,1.7,0.5,0,1.7,1.7,17.8,-0.2
246,"Danuel House Jr.","SF",28,"TOT",26,2,15.5,1.8,4.6,0.392,0.8,2.4,0.349,1,2.2,0.439,0.483,1,1.3,0.818,0.3,2.2,2.5,1.2,0.4,0.3,0.9,1,5.5,-2.6
356,"Jaden McDaniels","PF",21,"MIN",56,24,26.3,3.5,7.9,0.445,1.1,3.6,0.296,2.5,4.4,0.566,0.511,0.8,1,0.789,1.2,3.1,4.3,1.2,0.8,0.7,1.1,3.2,8.9,-3.3
27,"Desmond Bane","SF",23,"MEM",56,56,30.2,6.6,14.4,0.46,2.9,6.9,0.419,3.7,7.4,0.499,0.561,1.8,1.9,0.907,0.6,3.9,4.5,2.5,1.2,0.4,1.6,2.6,17.9,2
216,"Gary Harris","SG",27,"ORL",52,30,29.4,4.1,9.4,0.441,1.9,5,0.38,2.3,4.4,0.509,0.541,1.3,1.5,0.848,0.6,1.5,2.1,1.9,0.9,0.2,1.1,1.9,11.4,-2.8
258,"Brandon Ingram","SF",24,"NOP",45,45,34.3,8.1,18.2,0.448,1.5,4.4,0.333,6.7,13.8,0.485,0.488,4.3,5.3,0.816,0.7,5,5.7,5.4,0.6,0.5,2.6,2.2,22.1,1.1
588,"Thaddeus Young","PF",33,"TOT",28,1,14.4,2.9,5.1,0.57,0,0.3,0,2.9,4.8,0.6,0.57,0.4,0.8,0.435,1.6,2.1,3.6,2.2,0.9,0.3,1.2,1.5,6.1,2.1
271,"Isaiah Joe","SG",22,"PHI",41,1,12.2,1.2,3.5,0.352,0.9,2.7,0.33,0.3,0.8,0.424,0.479,0.5,0.5,0.952,0.1,1,1.1,0.7,0.3,0,0.4,0.9,3.8,-4.5
471,"Isaiah Roby","PF",23,"OKC",22,8,15.1,2.8,5.4,0.513,0.6,1.5,0.406,2.2,4,0.552,0.567,0.8,1.2,0.667,1.4,2.3,3.7,0.7,0.6,0.5,0.8,1.9,7,-0.7
468,"Justin Robinson","PG",24,"TOT",25,0,12.2,1.1,3.7,0.301,0.7,2.4,0.295,0.4,1.3,0.313,0.398,0.2,0.3,0.5,0.2,0.7,0.8,1.3,0.4,0,0.7,1.1,3.1,-7.8
196,"Hassani Gravett","PG",25,"ORL",8,3,21.4,2.3,4.8,0.474,1.4,3.3,0.423,0.9,1.5,0.583,0.618,0.4,0.5,0.75,0.1,2.5,2.6,2.5,0.6,0.1,1.1,1.6,6.3,-2.2
48,"Goga Bitadze","C",22,"IND",35,8,11.8,1.9,4.1,0.448,0.2,1.3,0.17,1.6,2.8,0.582,0.476,1,1.6,0.607,1.4,1.5,2.9,0.8,0.4,0.7,0.8,1.8,4.9,-3.9
1,"Precious Achiuwa","C",22,"TOR",48,23,23.1,3.1,7.3,0.423,0.4,1.2,0.305,2.7,6.1,0.447,0.449,0.9,1.6,0.579,2.2,4.7,6.9,1.1,0.5,0.6,1,2,7.5,-3.2
488,"Collin Sexton","SG",23,"CLE",11,11,28.7,6.2,13.7,0.45,1,4.1,0.244,5.2,9.6,0.538,0.487,2.6,3.5,0.744,1.2,2.1,3.3,2.1,0.9,0,2.8,2.3,16,-3.9
88,"Kentavious Caldwell-Pope","SG",28,"WAS",55,55,29.4,4.2,10.2,0.41,2,5.2,0.38,2.2,5,0.44,0.506,1.3,1.4,0.899,0.5,2.9,3.4,1.7,1.1,0.4,1.2,1.7,11.6,-1.8
506,"Nik Stauskas","SG",28,"MIA",2,0,12,1.5,4,0.375,1,2,0.5,0.5,2,0.25,0.5,1.5,2,0.75,0.5,1,1.5,0.5,0,0,0,0.5,5.5,-1.2
343,"Caleb Martin","SF",26,"MIA",44,10,22.9,3.7,7.2,0.506,1,2.6,0.379,2.7,4.6,0.579,0.575,1.2,1.6,0.739,1.3,2.7,4,1,1,0.5,0.8,1.6,9.5,1.1
139,"Luka Dončić","PG",22,"DAL",44,44,35.4,9.7,21.7,0.449,2.8,8.3,0.335,7,13.4,0.52,0.513,5.3,7.3,0.731,0.9,8.3,9.2,9,1.1,0.5,4.4,2.4,27.5,7.7
283,"Nikola Jokić","C",26,"DEN",52,52,33,9.9,17.4,0.57,1.6,4.3,0.372,8.3,13.1,0.635,0.616,4.5,5.6,0.808,2.8,11,13.8,7.9,1.3,0.7,3.8,2.5,26,14
354,"CJ McCollum","SG",30,"TOT",41,41,35.4,8.4,18.9,0.447,3.1,8,0.389,5.3,10.9,0.49,0.53,1.5,2.1,0.718,1,3.5,4.5,4.6,1,0.5,2,2.1,21.5,1.2
68,"Malcolm Brogdon","PG",29,"IND",28,28,33.4,6.6,14.7,0.448,1.6,5.4,0.307,4.9,9.3,0.529,0.504,3.8,4.4,0.861,0.9,4.3,5.1,5.9,0.9,0.4,2.2,2,18.5,2.6
98,"Justin Champagnie","SF",20,"TOR",31,0,8.2,0.9,1.9,0.483,0.3,0.7,0.409,0.6,1.2,0.526,0.558,0.3,0.3,1,1.2,0.9,2.1,0.3,0.2,0.1,0.2,1,2.5,-1.8
395,"Abdel Nader","SF",28,"PHO",14,0,10.4,0.9,2.5,0.343,0.3,1,0.286,0.6,1.5,0.381,0.4,0.4,0.7,0.6,0.3,1.6,1.9,0.5,0.6,0.3,0.8,1.4,2.4,-5
491,"Pascal Siakam","PF",27,"TOR",44,44,37.8,8.5,17.1,0.495,1.1,3.1,0.348,7.4,14,0.528,0.527,3.9,5.3,0.738,2.1,6.6,8.7,5.2,1.3,0.7,2.8,3.5,21.9,3
580,"Dylan Windler","SF",25,"CLE",37,0,9.3,0.9,2.1,0.429,0.6,1.5,0.389,0.3,0.6,0.522,0.565,0.2,0.2,0.778,0.4,1.3,1.7,0.7,0.2,0.1,0.4,1,2.5,-0.7
361,"Rodney McGruder","SG",30,"DET",33,1,13.5,1.7,3.7,0.451,0.9,2.2,0.397,0.8,1.5,0.531,0.57,0.3,0.4,0.714,0.5,1.4,1.9,0.8,0.4,0.1,0.4,1,4.5,-2
55,"Bol Bol","PF",22,"DEN",14,0,5.8,1.1,1.9,0.556,0.1,0.3,0.25,1,1.6,0.609,0.574,0.1,0.4,0.4,0.3,1.1,1.4,0.4,0.1,0.1,0.3,0.3,2.4,-0.9
461,"Davon Reed","SG",26,"DEN",29,3,13.8,1.6,3.3,0.474,0.8,1.8,0.434,0.8,1.4,0.524,0.595,0.1,0.2,0.8,0.3,2.2,2.5,1,0.6,0.1,0.3,1.4,4,0
294,"Cory Joseph","PG",30,"DET",47,21,24.4,2.8,6.2,0.452,1,2.4,0.432,1.8,3.9,0.464,0.534,1.4,1.7,0.85,0.4,2.1,2.5,3.9,0.7,0.3,1.4,2.2,8.1,-2.3
299,"George King","SF",28,"DAL",4,0,4.8,0,1.3,0,0,1,0,0,0.3,0,0,0.3,0.5,0.5,0,1.3,1.3,0,0,0,0.3,1,0.3,-19.9
367,"Sam Merrill","SG",25,"MEM",6,0,9.7,1.3,4,0.333,1.2,3.8,0.304,0.2,0.2,1,0.479,0.3,0.7,0.5,0.2,1,1.2,0.7,0,0,0.3,0.5,4.2,-5.7
368,"Chimezie Metu","C",24,"SAC",42,20,22.2,3.4,7.8,0.436,1,3.4,0.28,2.5,4.4,0.557,0.497,1.2,1.6,0.773,0.7,5.2,5.9,1.1,0.8,0.6,1,1.4,9,-1.4
300,"Louis King","SF",22,"SAC",10,0,10.4,1.5,4.7,0.319,0.8,2.7,0.296,0.7,2,0.35,0.404,0.7,1,0.7,0,1.2,1.2,0.9,0.2,0.1,0,1.4,4.5,-4.7
290,"Mason Jones","SG",23,"LAL",2,0,4.5,1,4,0.25,0,1,0,1,3,0.333,0.25,0.5,1,0.5,0.5,0.5,1,0,0.5,0,0.5,0.5,2.5,-17.8
263,"Jaren Jackson Jr.","PF",22,"MEM",59,59,27.8,5.7,13.7,0.415,1.7,5.5,0.318,3.9,8.2,0.48,0.479,3.6,4.5,0.802,1.6,4.4,6,1.1,1,2.2,1.7,3.4,16.7,-0.1
163,"Bruno Fernando","C",23,"TOT",22,0,3.2,0.5,1,0.5,0,0.1,0.5,0.5,0.9,0.5,0.523,0.3,0.4,0.75,0.5,0.5,1,0.2,0,0.1,0.3,0.4,1.3,-4.9
546,"Nikola Vučević","C",31,"CHI",52,52,33.9,7.7,16.2,0.474,1.5,4.8,0.317,6.2,11.4,0.541,0.522,1.3,1.7,0.756,2,9.7,11.7,3.6,1,1.2,1.9,2.5,18.2,1.6
543,"Fred VanVleet","PG",27,"TOR",50,50,38.4,7.3,17.3,0.419,4,10,0.401,3.2,7.3,0.443,0.535,3.1,3.5,0.874,0.8,3.8,4.6,7,1.6,0.5,2.7,2.3,21.6,4.6
460,"Cam Reddish","SF",22,"TOT",43,7,21,3.5,8.8,0.395,1.4,3.9,0.361,2,4.8,0.423,0.476,2.1,2.3,0.911,0.5,1.7,2.1,1,1,0.3,1.2,1.1,10.5,-1.7
59,"Brandon Boston Jr.","SG",20,"LAC",41,0,15.1,2.4,6.4,0.371,0.7,2.3,0.298,1.7,4.1,0.412,0.424,1.2,1.4,0.847,0.3,2,2.3,0.9,0.5,0.3,0.6,0.9,6.7,-3.6
521,"Daniel Theis","C",29,"TOT",28,21,22.1,3.1,6.5,0.481,0.9,2.9,0.3,2.3,3.7,0.621,0.546,1,1.4,0.675,1.1,3.9,5.1,0.8,0.5,0.8,1.1,2.4,8.1,-2.8
467,"Duncan Robinson","SG",27,"MIA",56,51,27.5,4,10,0.398,3.1,8.4,0.364,0.9,1.6,0.58,0.551,0.7,0.9,0.833,0.4,2.6,3,1.6,0.6,0.2,0.9,2.6,11.8,-0.5
72,"Charlie Brown Jr.","SG",24,"TOT",19,2,9.1,0.5,2.1,0.256,0.1,0.6,0.083,0.5,1.4,0.333,0.269,0.5,0.5,0.9,0.7,0.9,1.7,0.3,0.5,0.2,0.3,0.9,1.6,-4.7
420,"Miye Oni","SG",24,"UTA",16,0,2.8,0.1,0.6,0.222,0.1,0.5,0.125,0.1,0.1,1,0.278,0,0.1,0,0.1,0.4,0.4,0.3,0,0,0.1,0.4,0.3,-7.8
566,"Derrick White","SG",27,"TOT",53,49,30.3,4.9,11.6,0.423,1.6,5.4,0.306,3.3,6.2,0.523,0.493,2.8,3.2,0.86,0.5,3,3.6,5.5,1.1,0.9,1.8,2.4,14.2,1.6
149,"Chris Duarte","SG",24,"IND",50,38,28.7,5,11.5,0.435,1.7,4.8,0.364,3.3,6.7,0.485,0.51,1.7,2.1,0.792,0.7,3.4,4.1,2.2,1,0.2,1.7,1.7,13.4,-1.8
86,"Jimmy Butler","SF",32,"MIA",40,40,34.3,7.2,15,0.478,0.4,2,0.192,6.8,13,0.521,0.491,7.1,7.9,0.896,2,4.5,6.4,6,1.8,0.5,2.2,1.5,21.8,7.6
262,"Isaiah Jackson","PF",20,"IND",20,2,9.7,2.3,4.2,0.542,0.2,0.4,0.429,2.1,3.8,0.553,0.56,1.1,1.7,0.667,1.2,1.6,2.8,0.4,0.6,0.8,0.6,1.9,5.8,0.1
115,"Petr Cornelie","PF",26,"DEN",13,0,2.9,0.4,1.2,0.333,0.1,0.6,0.125,0.3,0.5,0.571,0.367,0.2,0.3,0.75,0.5,0.5,1.1,0.2,0.1,0.1,0.3,0.5,1.1,-8.7
232,"Haywood Highsmith","SF",25,"MIA",6,0,11.8,1.3,3.5,0.381,1,2.5,0.4,0.3,1,0.333,0.524,0,0.3,0,0.5,1,1.5,0,0,0.2,0.2,1,3.7,-4.1
21,"Deandre Ayton","C",23,"PHO",37,37,29.1,7.2,11.4,0.633,0.1,0.2,0.222,7.1,11.1,0.642,0.636,2,2.8,0.728,2.6,7.6,10.3,1.4,0.8,0.8,1.6,2.2,16.5,3.5
332,"Kevin Love","PF",33,"CLE",50,2,22.3,4.5,10.7,0.426,2.5,6.4,0.393,2,4.2,0.476,0.544,2.7,3.2,0.854,1.2,6.2,7.3,2.1,0.3,0.2,1.3,1.2,14.3,5.8
35,"Charles Bassey","PF",21,"PHI",23,0,7.3,1.3,2,0.638,0,0.2,0,1.3,1.9,0.698,0.638,0.4,0.5,0.75,1,1.7,2.7,0.3,0.2,0.7,0.3,1.4,3,1.9
207,"Rui Hachimura","PF",23,"WAS",18,0,18.3,3.3,7.3,0.455,1,2.2,0.462,2.3,5.2,0.452,0.523,1.2,1.6,0.786,0.4,2.9,3.3,1,0.6,0.3,0.7,0.9,8.9,-1.2
287,"Herbert Jones","PF",23,"NOP",56,47,29.9,3.6,7.2,0.499,0.7,1.9,0.358,2.9,5.3,0.548,0.546,1.7,2,0.855,1.3,2.6,3.9,2.1,1.4,0.9,1.3,3.1,9.6,-0.6
84,"Alec Burks","SG",30,"NYK",58,21,26.6,3.3,8.6,0.379,1.7,4.4,0.385,1.6,4.2,0.372,0.478,2.7,3.3,0.822,0.6,3.8,4.4,2.7,1.1,0.3,1,2.4,10.9,0.5
17,"Trevor Ariza","SF",36,"LAL",20,8,19.3,1.3,3.7,0.351,1,3.1,0.328,0.3,0.7,0.462,0.486,0.4,0.7,0.5,0.3,3.1,3.4,1.2,0.5,0.2,0.5,0.9,4,-2.9
535,"Karl-Anthony Towns","C",26,"MIN",52,52,34.3,8.7,16.7,0.522,2.1,5.2,0.409,6.6,11.5,0.574,0.586,4.9,5.9,0.819,2.8,6.9,9.7,4,1,1.1,3.3,3.6,24.4,5.2
320,"Saben Lee","PG",22,"DET",28,0,14.5,1.6,4.4,0.377,0.4,1.6,0.273,1.2,2.8,0.436,0.426,1.2,1.5,0.767,0.4,2,2.4,2.3,0.9,0.4,0.9,0.9,4.9,0.2
494,"Anfernee Simons","SG",22,"POR",53,26,29.3,6.2,13.8,0.447,3.1,7.6,0.4,3.1,6.1,0.505,0.558,1.6,1.8,0.885,0.5,2.2,2.7,3.9,0.5,0.1,1.9,1.9,17,-0.4
105,"Jordan Clarkson","SG",29,"UTA",55,1,26.4,5.6,13.9,0.403,2.5,7.9,0.32,3.1,6,0.514,0.494,1.7,2.1,0.832,0.8,2.6,3.3,2.4,0.7,0.2,1.6,1.9,15.5,-0.9
147,"Goran Dragić","PG",35,"TOR",5,2,18,2.6,6.8,0.382,0.8,2.8,0.286,1.8,4,0.45,0.441,2,2,1,0.4,2.4,2.8,1.8,1,0.2,0.2,1.6,8,1.9
184,"Taj Gibson","C",36,"NYK",39,4,18.3,1.5,2.9,0.526,0.2,0.6,0.364,1.3,2.4,0.565,0.561,0.6,0.8,0.758,1.6,2.8,4.5,0.6,0.4,0.8,0.6,2.8,3.9,-2.9
457,"Jahmi'us Ramsey","SG",20,"SAC",19,0,7.1,1.3,3.1,0.414,0.3,0.9,0.278,1,2.1,0.475,0.457,0.4,0.7,0.5,0.2,0.5,0.7,0.4,0.1,0.1,0.3,0.5,3.2,-6.9
249,"Kevin Huerter","SG",23,"ATL",51,37,29,4.5,9.8,0.462,1.9,5.1,0.377,2.6,4.7,0.554,0.56,0.6,0.7,0.811,0.4,2.7,3.2,2.8,0.6,0.4,1.3,2.3,11.6,-1.5
302,"Maxi Kleber","PF",30,"DAL",42,20,25.3,2.7,6.2,0.435,1.7,4.5,0.372,1,1.6,0.609,0.571,0.9,1.1,0.771,1.3,4.7,6,1.1,0.5,1,0.7,2.3,8,1
523,"Cam Thomas","SG",20,"BRK",48,2,19.6,3.8,8.6,0.445,0.9,3.1,0.273,3,5.4,0.544,0.495,1.3,1.6,0.808,0.2,2.4,2.6,1.3,0.5,0.1,0.8,1,9.8,-2.7
277,"James Johnson","PF",34,"BRK",43,6,19.3,2.6,5.3,0.487,0.3,1.3,0.255,2.3,4,0.561,0.518,0.4,0.9,0.474,1,2.6,3.6,2,0.5,0.3,0.8,2.5,5.9,-2.6
170,"Evan Fournier","SG",29,"NYK",57,57,29.5,5.2,12.3,0.424,3,7.6,0.394,2.2,4.8,0.471,0.545,1.1,1.5,0.723,0.5,2.4,2.9,1.9,1,0.3,1.4,2.1,14.5,-0.8
151,"Kevin Durant","PF",33,"BRK",36,36,36.5,10.5,20.3,0.52,1.9,5,0.372,8.7,15.3,0.568,0.566,6.3,7.1,0.894,0.6,6.9,7.4,5.8,0.8,0.9,3,1.9,29.3,7.4
527,"Tristan Thompson","PF",30,"TOT",34,3,15.3,2.6,5.1,0.509,0,0,1,2.6,5.1,0.506,0.511,1,2,0.515,2.3,2.9,5.3,0.6,0.3,0.4,1,1.7,6.3,-4
489,"Landry Shamet","SG",24,"PHO",45,7,19.8,2.4,6.4,0.37,1.6,4.5,0.353,0.8,2,0.409,0.493,1,1.2,0.852,0.2,1.7,1.9,1.6,0.5,0.1,0.5,1.2,7.4,-1
386,"Markieff Morris","PF",32,"MIA",10,0,18.7,3.2,7,0.457,0.8,2.2,0.364,2.4,4.8,0.5,0.514,0.5,0.5,1,1.3,1.5,2.8,1.4,0.3,0.1,1.2,2.2,7.7,-1.7
328,"Kevon Looney","C",25,"GSW",59,59,21.4,2.6,4.8,0.548,0,0,0,2.6,4.7,0.55,0.548,1.1,1.7,0.631,2.7,4.8,7.6,1.7,0.6,0.7,0.9,2.7,6.3,0
404,"Nerlens Noel","C",27,"NYK",25,11,22.5,1.3,2.4,0.533,0,0.1,0,1.3,2.3,0.561,0.533,0.8,1.2,0.7,1.9,3.7,5.6,0.9,1.2,1.2,0.8,2.7,3.4,0.1
402,"Daishen Nix","SG",19,"HOU",8,0,8.4,1.6,2.5,0.65,0.4,0.9,0.429,1.3,1.6,0.769,0.725,0.1,0.4,0.333,0.1,1.1,1.3,1.3,0.9,0,1.1,0.4,3.8,1.2
393,"Mike Muscala","C",30,"OKC",43,0,13.8,2.6,5.8,0.456,1.6,3.8,0.429,1,2,0.506,0.597,1.1,1.3,0.842,0.5,2.5,3,0.5,0.4,0.6,0.3,1.3,8,5.1
256,"Andre Iguodala","SF",38,"GSW",26,0,19.9,1.5,3.9,0.392,0.5,2.3,0.23,1,1.6,0.634,0.461,0.5,0.6,0.813,0.7,2.6,3.3,3.8,0.8,0.8,0.9,1,4.1,3.5
153,"Anthony Edwards","SG",20,"MIN",53,53,34.6,7.8,18,0.435,3.1,8.7,0.355,4.8,9.3,0.51,0.521,3.1,4,0.776,0.9,3.9,4.8,3.6,1.5,0.7,2.8,2.3,21.9,1.1
160,"Drew Eubanks","C",24,"SAS",49,9,12.1,1.7,3.2,0.528,0,0.2,0.125,1.7,3.1,0.55,0.531,1.2,1.6,0.747,1.3,2.7,4,1,0.3,0.6,0.9,1.2,4.7,-1.3
46,"Saddiq Bey","SF",22,"DET",58,58,33.6,5.5,14.1,0.388,2.6,7.4,0.346,2.9,6.7,0.435,0.479,2.4,2.9,0.83,1.4,4.4,5.8,2.8,0.9,0.2,1.3,1.6,15.9,-0.6
40,"Bradley Beal","SG",28,"WAS",40,40,36,8.7,19.3,0.451,1.6,5.3,0.3,7.1,14,0.508,0.492,4.2,5.1,0.833,1,3.8,4.7,6.6,0.9,0.4,3.4,2.4,23.2,0.9
579,"D.J. Wilson","PF",25,"TOR",3,1,16,2.7,3.7,0.727,0,0.7,0,2.7,3,0.889,0.727,2.7,3.3,0.8,0.3,4.3,4.7,1.3,1.7,0.3,0.7,1.7,8,4.7
558,"Yuta Watanabe","SF",27,"TOR",25,4,14.6,1.7,4.2,0.396,0.8,2.4,0.356,0.8,1.9,0.447,0.495,0.7,1.2,0.567,0.6,2.3,2.9,0.6,0.3,0.5,0.6,1.3,4.9,-3.1
454,"Trevelin Queen","SG",24,"HOU",8,0,8.6,1.6,3.6,0.448,1,2.8,0.364,0.6,0.9,0.714,0.586,0.4,0.4,1,0.6,1.1,1.8,0.4,0.6,0,0.9,0.8,4.6,-0.5
140,"Luguentz Dort","SF",22,"OKC",51,51,32.6,5.7,14.2,0.404,2.5,7.7,0.332,3.2,6.6,0.487,0.493,3.2,3.7,0.843,0.7,3.4,4.2,1.7,0.9,0.4,1.7,2.9,17.2,-2.1
475,"Terry Rozier","SG",27,"CHO",51,51,33.7,6.8,16,0.428,3,8.2,0.36,3.9,7.8,0.5,0.52,2,2.5,0.819,0.8,3.5,4.3,4.3,1.1,0.4,1.3,1.6,18.7,1.1
56,"Leandro Bolmaro","SF",21,"MIN",25,2,7.5,0.4,1.3,0.281,0.1,0.5,0.167,0.3,0.8,0.35,0.313,0.3,0.4,0.889,0.6,0.8,1.4,0.4,0.2,0,0.5,0.8,1.1,-6.7
345,"Kelan Martin","SF",26,"IND",27,1,16.4,2.6,6.2,0.417,0.8,2.7,0.297,1.8,3.5,0.511,0.482,0.3,0.5,0.692,0.6,1.4,2,0.8,0.5,0.3,0.5,1.3,6.3,-3.1
307,"Furkan Korkmaz","SG",24,"PHI",51,18,24,3.2,8.1,0.396,1.3,4.5,0.298,1.9,3.6,0.516,0.478,1.2,1.4,0.833,0.3,2.7,3,2.3,0.6,0.1,0.8,1,8.9,-2.6
80,"Thomas Bryant","C",24,"WAS",16,9,17.3,3.1,6.1,0.515,0.6,1.8,0.31,2.6,4.3,0.603,0.562,1.3,1.5,0.833,1.4,2.6,4,0.9,0.4,0.6,0.6,1.7,8.1,0.2
561,"Trendon Watford","SF",21,"POR",33,0,12.6,1.9,3.2,0.59,0,0.3,0.091,1.8,2.8,0.649,0.595,0.7,1.1,0.686,0.8,2.4,3.2,1.1,0.3,0.5,0.7,1.7,4.5,-2.1
201,"Javonte Green","SF",28,"CHI",42,31,24.2,2.8,5.2,0.546,0.5,1.5,0.349,2.3,3.7,0.626,0.596,1.5,1.8,0.824,1.6,2.8,4.4,1.1,0.9,0.5,0.6,2.1,7.6,-0.2
440,"Yves Pons","SF",22,"MEM",7,0,3.1,0.1,0.4,0.333,0.1,0.1,1,0,0.3,0,0.5,0,0.3,0,0.3,0.4,0.7,0,0,0,0,0.3,0.4,-6.7
136,"Gorgui Dieng","C",32,"ATL",37,3,9,1.2,2.6,0.479,0.6,1.5,0.426,0.6,1.1,0.548,0.599,0.5,0.6,0.708,0.9,2.2,3,0.8,0.3,0.4,0.5,1.2,3.6,1.7
284,"Carlik Jones","PG",24,"TOT",5,0,4.6,0.2,1.8,0.111,0,0.2,0,0.2,1.6,0.125,0.111,0.4,0.4,1,0.2,0.4,0.6,1,0.2,0,0.6,0,0.8,-15.3
536,"Gary Trent Jr.","SG",23,"TOR",48,47,34.9,6.7,15.7,0.43,3.2,8,0.397,3.5,7.6,0.463,0.531,1.9,2.4,0.814,0.3,2.4,2.7,1.9,1.9,0.3,1,2.1,18.6,0.7
82,"Reggie Bullock","SF",30,"DAL",49,18,25.3,2.8,6.8,0.415,1.9,5.2,0.363,0.9,1.6,0.582,0.554,0.6,0.7,0.857,0.4,3,3.4,1,0.5,0.1,0.5,1.4,8.2,-1.1
31,"Scottie Barnes","PF",20,"TOR",49,49,35.4,5.7,12.1,0.47,0.8,2.7,0.313,4.9,9.4,0.514,0.504,2.2,3,0.733,2.4,5,7.4,3.3,1,0.8,1.8,2.7,14.4,0
443,"Michael Porter Jr.","SF",23,"DEN",9,9,29.4,4.1,11.4,0.359,1.1,5.3,0.208,3,6.1,0.491,0.408,0.6,1,0.556,1,5.6,6.6,1.9,1.1,0.2,1.3,1.8,9.9,-3.4
16,"OG Anunoby","SF",24,"TOR",42,42,36.7,6.6,15.1,0.436,2.4,6.8,0.351,4.2,8.3,0.506,0.515,1.9,2.5,0.748,1.6,3.9,5.5,2.6,1.5,0.6,1.8,3,17.5,0.1
69,"Armoni Brooks","SG",23,"HOU",41,8,16.8,2.1,6.1,0.347,1.6,5.2,0.3,0.6,0.9,0.605,0.474,0.4,0.5,0.842,0.3,1.7,2,1.2,0.5,0.2,0.6,1.5,6.2,-4.4
159,"James Ennis III","SF",31,"TOT",7,0,8,1.6,3.4,0.458,0.4,1.1,0.375,1.1,2.3,0.5,0.521,0.6,0.7,0.8,0.7,1,1.7,0.4,0.3,0.3,0.3,0.7,4.1,-1
39,"Darius Bazley","PF",21,"OKC",53,37,27.3,3.6,9,0.4,1,3.5,0.294,2.6,5.5,0.467,0.457,1.6,2.3,0.697,1.1,5.4,6.6,1.3,0.8,1.1,1.3,1,9.8,-1.8
549,"Moritz Wagner","C",24,"ORL",45,0,12.5,2.6,5.3,0.5,0.9,2.8,0.331,1.7,2.5,0.684,0.586,1.4,1.8,0.797,0.5,2,2.4,1.1,0.3,0.2,0.7,1.8,7.6,1.5
400,"Malik Newman","PG",24,"CLE",1,0,8,3,5,0.6,0,1,0,3,4,0.75,0.6,2,2,1,0,1,1,1,0,0,1,0,8,6.8
221,"Isaiah Hartenstein","C",23,"LAC",47,0,16.1,3.1,5,0.621,0.1,0.2,0.444,3,4.8,0.628,0.63,1.1,1.7,0.667,1.5,2.9,4.4,1.9,0.7,1.1,1.1,2.4,7.4,3.8
185,"Josh Giddey","SG",19,"OKC",53,53,31.4,5.2,12.4,0.418,1.1,4,0.267,4.1,8.4,0.49,0.461,1,1.5,0.705,1.8,6,7.8,6.4,0.9,0.4,3.2,1.6,12.4,-0.9
591,"Cody Zeller","C",29,"POR",27,0,13.1,1.9,3.3,0.567,0,0.1,0,1.9,3.2,0.593,0.567,1.4,1.8,0.776,1.9,2.8,4.6,0.8,0.3,0.2,0.7,2.1,5.2,-1.8
568,"Joe Wieskamp","SG",22,"SAS",15,0,6.1,0.9,1.9,0.464,0.5,1.3,0.421,0.3,0.6,0.556,0.607,0.2,0.5,0.429,0.2,0.3,0.5,0.3,0.1,0.1,0.1,0.4,2.5,-0.1
507,"Lance Stephenson","SG-SF",31,"TOT",30,1,18.1,3.3,7.1,0.458,0.5,2,0.246,2.8,5.1,0.542,0.493,1.3,1.7,0.8,0.3,2.7,3,3.7,0.5,0.1,1.6,1.9,8.4,-3
280,"Keon Johnson","SG",19,"LAC",15,0,9,1.1,3.4,0.333,0.2,0.7,0.273,0.9,2.7,0.35,0.363,1.1,1.4,0.762,0.4,1,1.4,0.9,0.5,0.1,0.5,1.4,3.5,-5.7
32,"RJ Barrett","SF",21,"NYK",48,48,33.1,6.4,15.5,0.412,2,5.6,0.354,4.4,9.8,0.445,0.476,3.2,4.6,0.695,0.9,4.8,5.7,2.6,0.5,0.3,2,2,18,-1.6
334,"Timothé Luwawu-Cabarrot","SF",26,"ATL",36,12,12.6,1.4,3.6,0.385,0.9,2.4,0.368,0.5,1.2,0.419,0.508,0.5,0.6,0.85,0.3,1.1,1.4,0.7,0.4,0.1,0.4,1.3,4.1,-3.5
180,"Usman Garuba","PF",19,"HOU",15,0,7,0.5,1.6,0.333,0.1,0.9,0.154,0.4,0.7,0.545,0.375,0.1,0.1,0.5,0.6,1.7,2.3,0.5,0.5,0.4,0.2,0.6,1.3,-0.5
526,"Klay Thompson","SG",31,"GSW",16,16,25.3,6.2,14.8,0.418,2.9,7.7,0.374,3.3,7.1,0.465,0.515,1.8,1.9,0.935,0.4,3.4,3.8,3.1,0.6,0.4,1.4,1.5,17.1,2.1
67,"Oshae Brissett","SF",23,"IND",47,5,20.3,2.5,6.1,0.408,0.9,2.8,0.333,1.6,3.3,0.471,0.484,1.3,2,0.634,1.5,3.2,4.7,0.8,0.6,0.4,0.8,1.4,7.2,-2.5
323,"Kira Lewis Jr.","PG",20,"NOP",24,0,14.2,2.5,6.1,0.404,0.5,2.4,0.224,1.9,3.7,0.523,0.449,0.4,0.5,0.833,0.4,1.3,1.6,2,0.5,0,1.1,0.7,5.9,-4.1
107,"Amir Coffey","SG",24,"LAC",48,20,22.2,2.8,6.1,0.459,1.4,3.6,0.38,1.4,2.5,0.57,0.57,1.5,1.6,0.886,0.5,2.5,3,1.6,0.5,0.2,0.6,1.3,8.4,0.4
244,"Al Horford","C",35,"BOS",51,51,28.3,3.8,8.5,0.445,1.2,4,0.307,2.6,4.5,0.565,0.516,1.3,1.5,0.835,1.5,6,7.5,3.4,0.6,1.3,1,1.8,10.1,3.6
396,"Larry Nance Jr.","PF",29,"POR",37,11,23.2,2.8,5.4,0.515,0.5,1.7,0.306,2.2,3.7,0.61,0.563,0.9,1.3,0.653,1.6,4.1,5.6,2,1,0.4,0.7,1.8,6.9,0.6
30,"Harrison Barnes","PF",29,"SAC",55,55,33.7,5.2,11.1,0.466,2,4.8,0.409,3.2,6.3,0.51,0.555,4.7,5.6,0.828,1.1,5,6.1,2.5,0.7,0.2,1.6,1.3,17,0.8
292,"Tyus Jones","PG",25,"MEM",53,14,20.7,3.2,7,0.461,0.9,2.5,0.358,2.3,4.5,0.519,0.526,0.7,0.8,0.867,0.2,2.2,2.5,4.2,0.9,0,0.7,0.4,8.1,1.5
479,"Olivier Sarr","C",22,"OKC",2,0,7,0.5,1.5,0.333,0,0.5,0,0.5,1,0.5,0.333,1,1,1,0,2.5,2.5,0,0,1,0,0.5,2,-0.2
486,"Wayne Selden","SG",27,"NYK",3,0,6.3,0.3,1.3,0.25,0.3,0.7,0.5,0,0.7,0,0.375,0.7,1.3,0.5,0,0.3,0.3,0.3,0,0,0,0.3,1.7,-6.2
333,"Kyle Lowry","PG",35,"MIA",46,46,34.3,4.4,10.4,0.425,2.2,6.1,0.352,2.3,4.3,0.528,0.528,2.3,2.7,0.84,0.6,4,4.6,7.9,1.2,0.3,3,2.8,13.3,1.5
445,"Bobby Portis","C",26,"MIL",51,46,28.8,6,12.5,0.482,1.9,4.7,0.402,4.1,7.8,0.53,0.558,1.4,1.8,0.755,2.6,6.5,9.1,1.3,0.8,0.8,1.5,2.6,15.3,0.3
351,"Skylar Mays","SG",24,"ATL",23,5,9,1.3,2.7,0.508,0.3,1.1,0.32,1,1.6,0.639,0.574,0.3,0.4,0.889,0.2,0.9,1.1,0.7,0.3,0,0.4,0.3,3.4,-1.5
426,"Kevin Pangos","PG",29,"CLE",24,3,6.9,0.6,1.9,0.326,0.3,1.1,0.231,0.4,0.8,0.45,0.391,0.1,0.2,0.75,0.1,0.4,0.5,1.3,0.1,0,0.3,0.5,1.6,-5.9
